Tone,Description
Formal,Professional and structured language, often used in official or academic contexts.
Informal,Relaxed and conversational language, suitable for casual interactions.
Humorous,Light-hearted and funny, often using wit or jokes to engage the audience.
Serious,Solemn and thoughtful, often used for discussing important or sensitive topics.
Friendly,Warm and approachable, aimed at creating a positive and welcoming atmosphere.
Assertive,Confident and direct, used to convey authority or make strong statements.
Persuasive,Convincing and compelling, designed to influence or sway the readerâ€™s opinion.
Optimistic,Hopeful and positive, emphasizing the good aspects or potential outcomes.
Pessimistic,Gloomy and negative, focusing on potential problems or downsides.
Encouraging,Supportive and uplifting, aimed at motivating or inspiring the reader.
Cautious,Careful and guarded, often used when discussing risks or uncertainties.
Nostalgic,Reflective and sentimental, evoking a sense of longing for the past.
Sarcastic,Mocking or ironic, often saying the opposite of what is meant for humorous or critical effect.
Empathetic,Understanding and compassionate, showing care for the feelings or situations of others.
Authoritative,Commanding and knowledgeable, often used to establish credibility or expertise.
Neutral,Unbiased and objective, free of emotion or personal opinion.
Urgent,Pressing and immediate, conveying the need for quick action or attention.
Playful,Light-hearted and fun, often using creativity or whimsy to entertain.
Confident,Self-assured and positive, expressing certainty or belief in what is being said.
Apologetic,Humble and regretful, used to express remorse or acknowledge a mistake.
