Action,Description
Check for Accuracy,Verify the correctness of the information provided in the output.
Revise Content,Edit or refine the output to better match the intended message or style.
Validate Sources,Confirm the credibility and reliability of any references or sources mentioned.
Summarize Key Points,Extract and condense the main ideas from the output.
Translate Text,Convert the output into another language.
Format for Publication,Adjust the text formatting to meet specific publication standards or requirements.
Expand on Ideas,Add additional details or explanations to the initial output.
Paraphrase Content,Reword the output to avoid plagiarism or better fit a specific context.
Share on Social Media,Post the output to platforms like Twitter
Incorporate into a Document,Embed the output into a larger report
Run Sentiment Analysis,Analyze the tone or sentiment of the output to determine its emotional impact.
Create Visuals,Generate charts
Use as a Draft,Develop the output into a full piece of content
Test for Bias,Review the output for any potential biases or unbalanced perspectives.
Seek Feedback,Ask others to review and provide input on the quality and relevance of the output.
Automate Follow-up,Use the output to trigger automated actions or workflows in other systems.
Organize into Categories,Sort and classify the output for easier reference or analysis.
Archive for Future Use,Save the output for later reference or further analysis.
Compare with Other Outputs,Analyze the output against similar prompts or other AI-generated text.
Conduct Fact-Checking,Thoroughly investigate the factual accuracy of the output.
