Character Count,Description
1-50,Very Short: A brief output, such as a single word or short phrase.
51-100,Short: A concise statement or brief answer.
101-250,Compact: A small block of text, like a summary or key point.
251-500,Medium: A short paragraph or detailed explanation.
501-1,000,Standard: A typical paragraph or a brief article.
1,001-2,000,Extended: A more detailed explanation or short essay.
2,001-3,000,Comprehensive: A multi-paragraph text, such as an in-depth analysis or overview.
3,001-4,000,Article Length: A detailed piece, suitable for blog posts or articles.
4,001-5,000,Long Article: An in-depth article, suitable for thorough exploration of a topic.
5,001+,Report Length: A lengthy and detailed document, like a report or research paper.
