Use-Case,Description
Chatbots,Using GPT to create conversational agents for customer service
Content Creation,Generating written content such as articles
Code Generation,Assisting in writing and debugging code in various programming languages.
Language Translation,Translating text from one language to another.
Summarization,Condensing long documents or articles into shorter summaries.
Sentiment Analysis,Determining the sentiment (positive
Email Drafting,Composing and responding to emails automatically or semi-automatically.
Text Completion,Auto-completing sentences or paragraphs based on the initial text input.
Idea Generation,Brainstorming and generating new ideas for projects
Creative Writing,Assisting in writing stories
Educational Tutoring,Providing explanations and answering questions in educational contexts.
Personalized Recommendations,Offering tailored suggestions for products
SEO Optimization,Generating keyword-rich content to improve search engine rankings.
Virtual Assistants,Creating AI-driven personal assistants for scheduling
Market Research,Analyzing trends
Data Extraction,Extracting specific information from large volumes of text.
Speech-to-Text,Transcribing spoken language into written text.
Text-to-Speech,Converting written text into spoken language for accessibility and automation.
Game Development,Creating dialogues
Legal Document Analysis,Reviewing and summarizing legal documents to assist in legal research and compliance.
