Complexity Level,Description
Basic,Simple and straightforward language, suitable for elementary understanding.
Beginner,Content with slightly more detail, accessible to those with minimal knowledge of the subject.
Intermediate,Moderate complexity with some specialized vocabulary, suitable for those with some background knowledge.
Advanced,Detailed and technical language, suitable for those with a good understanding of the subject.
Expert,Highly specialized and technical content, requiring deep subject matter expertise.
Layman-Friendly,Complex topics simplified for easy understanding by a general audience.
Concise,Clear and to the point, summarizing key ideas without unnecessary detail.
Verbose,Detailed and expansive, providing thorough explanations with a lot of information.
Technical,Focused on specific jargon, formulas, or concepts within a specialized field.
Abstract,Conceptual and theoretical, often lacking concrete details, requiring higher-level thinking to interpret.
